Player,TM,GM,KI,MK,HB,DI,GL,BH,HO,TK,RB,IF,CL,CG,FF,FA,BR,CP,UP,CM,MI,1%,BO,GA
"Oliver, Clayton",ME,23,344,82,409,753,5,8,,126,42,124,199,113,36,27,25,409,358,1,1,40,3,19
"Neale, Lachie",BL,25,346,96,403,749,11,8,,113,39,110,191,86,44,23,28,400,350,7,7,24,13,14
"Macrae, Jack",WB,23,342,96,363,705,4,4,,87,40,121,147,80,32,17,11,267,460,2,3,50,4,18
"Brayshaw, Andrew",FR,24,354,112,350,704,12,12,,149,51,104,93,96,35,31,25,217,473,1,5,44,4,11
"Petracca, Christian",ME,24,357,100,316,673,19,31,,75,35,156,111,103,16,17,24,305,376,4,19,16,,28
"Laird, Rory",AD,20,284,53,375,659,7,8,,162,40,93,150,96,35,29,10,300,361,,4,14,2,8
"Daicos, Nick",CW,25,361,102,283,644,7,7,,54,103,69,40,88,28,18,11,159,424,,2,13,20,7
"Brodie, Will",FR,24,273,63,370,643,6,7,,127,23,91,137,90,37,25,11,287,351,2,2,24,5,10
"Walsh, Sam",CA,20,286,91,356,642,5,7,,66,48,93,88,83,16,31,14,229,426,,2,12,11,7
"Miller, Touk",GC,22,373,83,253,626,8,11,,133,51,122,174,96,29,26,27,334,293,3,3,21,3,15
"Docherty, Sam",CA,22,424,160,201,625,3,1,,73,118,65,31,83,21,20,9,143,429,5,1,49,16,7
"Guthrie, Cameron",GE,25,316,90,297,613,12,12,,124,27,73,108,76,26,22,13,245,357,3,7,29,7,8
"Brayshaw, Angus",ME,24,401,170,211,612,2,1,,54,86,71,45,74,14,14,7,186,428,12,,36,4,3
"Parker, Luke",SY,25,320,103,291,611,14,10,,150,43,95,150,100,23,29,16,294,303,9,16,27,,8
"Mills, Callum",SY,25,360,165,250,610,10,3,,158,61,106,94,74,35,23,21,243,374,9,7,46,2,16
"Sinclair, Jack",SK,22,428,127,181,609,4,2,,55,107,68,38,56,15,8,9,177,354,5,1,61,24,8
"Dale, Bailey",WB,23,415,113,182,597,7,3,,26,145,64,27,67,12,21,3,115,362,6,1,56,20,8
"Wines, Ollie",PA,21,264,84,332,596,6,11,3,84,31,96,106,81,22,21,13,257,331,5,8,29,1,14
"Treloar, Adam",WB,22,297,90,298,595,15,12,,70,49,72,71,75,18,15,6,188,387,2,8,17,30,7
"Crisp, Jack",CW,25,315,101,280,595,12,8,,137,48,141,105,108,19,25,11,241,346,2,5,52,14,12
"McCluggage, Hugh",BL,24,341,127,251,592,20,18,,116,37,105,88,96,34,29,14,216,385,3,11,23,11,19
"Cripps, Patrick",CA,21,226,76,365,591,20,9,11,105,16,94,161,106,48,35,29,322,275,9,16,26,7,11
"Mitchell, Tom",HW,21,239,81,350,589,5,7,,96,41,68,106,88,31,30,9,273,326,1,7,24,6,11
"Keays, Ben",AD,22,315,73,271,586,10,12,,106,37,95,122,99,28,30,11,251,327,1,4,19,3,13
"Dunkley, Josh",WB,23,272,142,312,584,18,11,2,140,32,62,101,71,45,22,14,260,335,13,19,39,4,13
"Serong, Caleb",FR,22,272,57,309,581,5,9,,96,33,79,122,75,32,22,5,256,328,1,,15,,7
"Merrett, Zach",ES,19,297,75,275,572,6,6,,82,41,105,88,75,36,12,17,180,394,,,32,6,16
"Crouch, Brad",SK,21,270,73,301,571,7,3,,149,29,66,123,92,31,24,10,251,300,1,1,12,1,12
"Lloyd, Jake",SY,24,385,143,185,570,2,,,56,131,37,20,55,17,14,1,117,341,2,,47,12,2
"Viney, Jack",ME,22,256,62,309,565,8,3,,126,36,91,108,112,40,20,7,280,295,1,4,44,4,9
"Boak, Travis",PA,21,250,86,312,562,10,10,,85,20,105,123,73,17,21,10,245,331,2,8,40,1,16
"Kelly, Josh",GW,21,295,93,265,560,9,9,,101,49,89,79,66,20,17,13,194,366,3,2,24,4,12
"Simpkin, Jy",NM,21,324,71,235,559,7,5,,95,39,98,111,108,23,33,6,222,338,1,6,20,7,12
"Short, Jayden",RI,23,444,127,115,559,6,4,,67,79,113,58,77,14,11,6,140,371,2,2,29,18,10
"Pendlebury, Scott",CW,24,274,74,281,555,2,1,,112,50,76,82,71,35,11,2,220,319,1,2,57,3,20
"Lipinski, Patrick",CW,25,273,86,278,551,9,4,,92,43,80,79,78,17,25,4,201,346,4,6,27,2,22
"Anderson, Noah",GC,21,383,92,166,549,11,7,,71,44,126,117,98,18,23,14,221,325,,5,32,21,12
"Warner, Chad",SY,24,327,80,220,547,20,24,,97,51,134,97,108,24,34,12,237,319,4,8,17,19,24
"Liberatore, Tom",WB,22,254,68,290,544,9,8,,104,29,85,159,63,22,18,7,289,268,3,6,39,2,13
"Dawson, Jordan",AD,22,408,146,133,541,10,6,,65,150,81,15,76,11,16,8,123,355,17,6,76,9,9
"Ross, Sebastian",SK,21,294,91,247,541,3,3,,71,38,86,83,77,18,26,1,200,348,,2,31,16,8
"Daicos, Josh",CW,25,314,101,213,527,15,11,,65,43,94,57,87,21,29,4,158,358,,9,7,18,8
"Sicily, James",HW,22,418,190,106,524,1,3,,32,179,36,6,82,26,26,7,149,307,32,1,161,11,1
"Coniglio, Stephen",GW,21,283,78,240,523,17,11,,110,16,68,94,83,19,23,4,201,318,5,8,21,14,16
"Davies-Uniacke, Luke",NM,21,267,90,255,522,9,7,,92,43,104,111,73,26,27,8,241,304,4,2,14,10,8
"Tuohy, Zach",GE,24,351,120,169,520,9,6,,44,91,60,25,47,15,10,5,131,336,6,6,26,22,8
"Amon, Karl",PA,22,342,128,178,520,8,15,,81,52,90,39,71,18,15,15,119,395,2,8,33,7,10
"Ryan, Luke",FR,24,403,167,116,519,,1,,45,162,29,13,55,20,20,3,119,287,14,,95,8,1
"Bontempelli, Marcus",WB,22,287,116,230,517,24,21,1,115,32,123,114,77,25,21,10,248,295,20,21,71,11,24
"Smith, Isaac",GE,24,339,161,178,517,15,22,,31,52,123,18,69,7,11,5,95,381,4,11,26,17,12
"Duncan, Mitch",GE,22,342,184,173,515,9,7,,35,76,67,34,66,14,17,4,101,382,5,13,27,7,12
"Green, Tom",GW,21,222,58,289,511,10,9,6,89,38,69,105,91,20,29,4,255,267,4,6,20,4,12
"Rozee, Connor",PA,22,248,89,262,510,18,14,,84,31,90,70,92,29,28,14,180,328,3,12,27,3,12
"Rich, Daniel",BL,22,404,99,104,508,1,3,,35,138,73,21,51,15,14,,100,277,5,,48,,7
"Clark, Jordan",FR,24,292,120,215,507,3,4,,66,80,69,27,68,20,19,1,135,369,6,,65,7,6
"Young, Hayden",FR,22,306,164,196,502,1,1,,50,95,55,19,56,11,16,5,136,351,18,,50,3,3
"Parish, Darcy",ES,16,221,59,280,501,3,6,,52,22,76,98,57,14,14,6,209,290,2,5,10,3,12
"Newcombe, Jai",HW,22,266,94,230,496,8,6,,101,51,90,85,107,29,35,11,201,304,6,6,23,18,16
"Smith, Bailey",WB,17,285,63,210,495,6,10,,65,33,105,63,78,22,6,10,146,352,1,2,10,6,16
"Cumming, Isaac",GW,21,378,122,116,494,,2,,50,140,49,15,62,17,16,1,108,273,6,,50,9,3
"Mundy, David",FR,22,214,61,279,493,5,7,,74,29,66,105,56,15,16,4,199,301,,4,23,2,6
"Langdon, Ed",ME,23,286,95,206,492,13,7,,30,53,64,36,61,12,12,7,158,338,1,9,21,3,9
"Steele, Jack",SK,18,227,90,261,488,5,5,,129,30,73,93,64,28,20,13,201,273,4,5,28,2,7
"Lyons, Jarryd",BL,22,316,87,171,487,7,10,,112,24,102,123,68,25,20,7,205,257,1,10,24,3,19
"Houston, Dan",PA,21,349,131,136,485,7,7,,55,81,56,34,72,20,23,3,150,318,14,3,67,4,5
"Heppell, Dyson",ES,22,259,145,224,483,4,2,,41,61,47,17,52,27,13,,128,346,9,2,47,3,6
"Gulden, Errol",SY,25,338,112,142,480,18,8,,89,32,111,47,78,34,25,3,169,314,3,9,25,10,15
"Aish, James",FR,23,261,103,218,479,5,3,,56,40,73,53,62,20,12,3,149,330,1,4,18,3,8
"Ward, Callan",GW,22,247,103,230,477,8,7,1,58,43,56,75,60,19,16,1,174,310,7,2,21,8,4
"Prestia, Dion",RI,19,244,63,228,472,6,6,,58,32,78,112,69,20,11,19,210,263,,5,21,2,14
"Rioli, Daniel",RI,23,266,110,205,471,10,4,,54,76,64,9,48,16,11,,125,311,7,5,30,33,11
"Daniel, Caleb",WB,19,297,97,172,469,,,,36,88,36,11,37,11,8,,99,311,1,1,21,21,3
"Blakey, Nick",SY,24,350,104,118,468,2,3,,50,125,53,9,61,24,19,,108,255,8,1,79,30,8
"Stewart, Tom",GE,20,354,146,111,465,,1,1,40,125,45,8,69,17,28,9,121,292,14,,83,5,5
"Ellis, Brandon",GC,21,314,115,146,460,9,6,,47,67,60,25,52,13,12,5,123,285,3,9,26,5,6
"Selwood, Joel",GE,21,238,67,221,459,7,3,,91,24,83,108,82,41,32,4,204,262,3,7,40,3,14
"Saad, Adam",CA,21,323,100,136,459,,,,47,99,57,17,50,15,8,3,134,270,12,,58,113,6
"Redden, Jack",WC,21,231,121,225,456,5,1,,110,42,32,73,48,24,14,,169,290,4,3,27,,9
"Byrne-Jones, Darcy",PA,21,273,112,183,456,1,2,,39,65,28,26,69,16,18,,136,319,2,1,33,13,2
"Atkins, Tom",GE,25,238,65,214,452,4,3,,157,40,55,77,68,33,22,,209,240,2,1,45,2,6
"Sidebottom, Steele",CW,25,274,110,175,449,12,7,,74,31,80,40,75,11,23,3,134,297,4,8,52,15,8
"Burton, Ryan",PA,22,348,115,99,447,4,4,,43,131,46,15,49,11,16,,96,263,3,4,40,4,4
"McDonald, Luke",NM,22,305,119,141,446,1,1,,54,135,42,21,74,13,27,2,119,265,17,1,73,1,3
"Jordon, James",ME,22,233,83,212,445,7,3,,43,32,60,25,46,18,6,,122,329,,,15,5,3
"Moore, Dylan",HW,22,243,124,201,444,26,14,,92,14,85,43,65,44,11,1,176,276,9,20,22,6,14
"Butters, Zak",PA,20,250,79,193,443,10,9,,75,20,66,74,56,29,15,3,175,262,4,9,22,21,16
"Rowbottom, James",SY,24,279,60,164,443,8,7,,163,46,88,117,91,33,31,,224,224,3,1,27,1,15
"Swallow, David",GC,22,273,95,170,443,8,7,,77,40,106,96,67,26,17,5,215,243,6,3,35,2,12
"Baker, Liam",RI,23,245,84,195,440,11,7,,52,57,69,31,79,22,29,6,157,268,3,9,57,5,6
"Hill, Bradley",SK,21,264,100,176,440,6,4,,37,50,50,18,69,9,23,4,100,322,1,4,33,20,11
"Noble, John",CW,25,291,116,149,440,,,,66,59,68,11,56,25,23,,109,330,2,1,32,18,7
"Zorko, Dayne",BL,22,323,127,114,437,6,9,,64,50,94,55,83,15,31,5,126,295,2,4,27,3,15
"Shiel, Dylan",ES,19,189,62,247,436,3,4,,86,10,79,115,47,26,12,4,186,246,1,3,22,23,16
"Hurn, Shannon",WC,19,356,143,80,436,,,,33,98,27,3,37,14,9,,84,237,22,,41,6,3
"Acres, Blake",FR,20,287,115,147,434,6,6,,54,43,84,36,72,18,17,3,124,310,3,4,31,3,6
"Cotchin, Trent",RI,19,220,59,211,431,5,3,1,54,16,68,95,72,23,14,5,205,217,,5,34,1,18
"Hind, Nick",ES,21,338,93,91,429,2,6,,37,94,65,18,54,16,12,1,111,291,2,2,29,56,15
"OMeara, Jaeger",HW,21,230,74,197,427,9,9,,105,20,92,107,70,17,27,2,227,202,7,10,30,6,15
"Hewett, George",CA,15,170,51,257,427,4,5,,73,14,63,99,42,21,14,4,190,244,,3,17,1,9
"Blicavs, Mark",GE,24,186,97,239,425,8,5,350,121,38,61,82,72,30,31,9,213,224,20,13,90,,5
"Smith, Brodie",AD,21,307,86,118,425,3,6,,62,103,70,20,67,11,22,1,106,273,4,2,34,6,7
"Redman, Mason",ES,20,312,124,112,424,3,6,,44,87,44,6,54,21,17,5,94,293,10,1,44,8,8
"May, Steven",ME,22,350,111,71,421,,1,,28,176,18,4,59,24,21,,116,157,35,,140,6,
"Cerra, Adam",CA,18,212,65,208,420,5,3,,84,13,83,73,62,26,19,5,163,275,3,1,30,2,5
"Gresham, Jade",SK,18,224,50,195,419,16,18,,57,11,76,74,67,26,24,5,183,241,2,7,7,22,10
"Martin, Nic",ES,21,225,123,193,418,19,12,,35,35,54,33,47,15,12,2,108,317,,14,24,7,8
"Gawn, Max",ME,22,287,122,130,417,13,14,596,40,26,81,102,91,40,35,12,246,169,55,23,69,,3
"Fisher, Zac",CA,22,232,69,184,416,18,16,,45,20,62,29,58,19,16,,133,295,,7,17,6,7
"Kennedy, Matthew",CA,17,210,78,206,416,7,7,,69,21,73,78,55,29,12,4,188,235,4,2,14,2,5
"Florent, Oliver",SY,25,268,124,145,413,5,6,,54,68,69,30,52,12,13,,107,309,3,3,23,11,11
"Bailey, Zac",BL,24,271,96,141,412,37,18,,52,29,96,47,86,14,33,5,156,255,3,17,25,1,8
"Berry, Jarrod",BL,23,245,106,167,412,9,7,,81,47,64,41,64,21,17,2,136,278,5,7,36,,16
"Kelly, Tim",WC,17,211,60,201,412,6,5,,67,37,83,95,97,15,37,3,189,222,2,3,16,9,11
"Heeney, Isaac",SY,25,251,117,159,410,49,28,,118,14,69,54,72,39,23,7,203,215,21,42,27,1,11
"Whitfield, Lachie",GW,18,256,116,153,409,6,3,,56,49,59,38,71,15,22,2,100,292,3,2,32,2,8
"Duggan, Liam",WC,20,281,148,127,408,3,1,,33,78,41,18,53,15,12,,105,304,2,1,37,12,4
"Rowell, Matt",GC,22,214,27,194,408,2,4,,158,32,76,132,82,35,48,4,280,136,,1,34,1,4
"Taranto, Tim",GW,16,220,57,187,407,7,7,,76,31,62,60,74,27,20,6,155,237,5,5,13,1,10
"Broad, Nathan",RI,23,286,140,121,407,,,,27,120,26,5,54,9,18,1,90,290,12,,96,16,1
"Richards, Ed",WB,22,270,130,136,406,,,,36,81,46,11,47,19,17,,116,287,17,1,74,34,5
"Dangerfield, Patrick",GE,18,226,70,178,404,8,12,,49,20,93,106,76,21,26,6,210,182,14,18,41,1,18
"Bolton, Shai",RI,23,256,73,147,403,43,41,,48,5,100,83,98,16,41,12,211,204,13,33,34,38,17
"Morrison, Harry",HW,21,280,122,123,403,9,2,,58,55,64,39,65,15,14,,114,287,6,3,28,1,8
"Adams, Taylor",CW,18,194,48,206,400,2,6,,91,12,73,95,90,26,31,2,186,215,2,7,18,2,14
"Himmelberg, Harry",GW,22,274,132,121,395,22,6,17,49,95,43,5,64,19,23,5,121,225,21,13,72,10,7
"de Goey, Jordan",CW,19,227,61,168,395,18,18,,66,27,84,97,72,18,23,10,191,217,5,11,37,9,8
"Close, Brad",GE,25,181,85,213,394,26,20,,93,6,65,24,52,27,12,,136,263,4,21,35,4,22
"Nankervis, Toby",RI,23,186,60,208,394,5,7,628,86,32,52,92,111,26,60,3,210,180,10,2,85,,8
"Drew, Willem",PA,22,146,58,246,392,4,1,,112,20,50,81,47,23,14,,178,225,6,5,37,2,8
"Maynard, Brayden",CW,23,271,110,121,392,1,2,,81,83,59,17,77,15,24,,143,230,19,,105,10,4
"Cameron, Jeremy",GE,24,272,141,116,388,65,37,1,34,7,75,14,69,24,28,19,122,266,27,70,35,4,21
"McInerney, Justin",SY,22,247,104,138,385,6,4,,23,30,69,35,48,14,9,2,108,276,6,7,19,14,7
"McGrath, Andrew",ES,18,214,90,171,385,2,5,,47,51,47,42,37,17,5,,128,251,5,4,23,17,4
"Howe, Jeremy",CW,24,259,141,126,385,1,,,35,122,24,4,50,27,10,,130,232,28,,143,4,1
"Gaff, Andrew",WC,16,191,72,192,383,2,3,,38,32,38,41,53,10,17,1,129,262,1,2,13,2,2
"Scott, Bailey",NM,21,247,95,135,382,3,2,,36,77,34,13,42,12,7,1,83,284,,1,26,10,2
"Ridley, Jordan",ES,20,299,126,83,382,,2,,21,102,12,5,44,16,11,1,93,210,17,,108,5,
"Scrimshaw, Jack",HW,20,233,115,147,380,3,3,,25,79,29,7,42,9,7,,119,236,19,3,49,18,4
"Cox, Brennan",FR,23,271,146,109,380,1,1,4,25,106,17,4,48,12,26,,116,214,36,1,154,1,
"Caldwell, Jye",ES,20,175,67,200,375,6,8,,86,19,56,59,55,21,20,,159,218,6,10,16,1,17
"Newman, Nic",CA,19,252,118,120,372,,1,,44,73,30,8,49,10,20,2,93,254,6,,61,4,3
"Sparrow, Tom",ME,23,189,69,182,371,7,8,,78,20,72,59,68,18,27,,150,231,3,5,32,,6
"Hardwick, Blake",HW,22,267,114,99,366,,,,42,89,19,8,42,12,7,,92,211,5,,72,4,1
"Powell-Pepper, Sam",PA,22,216,104,149,365,24,22,21,74,8,80,29,68,26,26,11,136,234,9,23,19,2,11
"Shuey, Luke",WC,17,207,48,157,364,3,2,,100,27,54,98,69,32,28,,154,207,,,25,5,12
"Stengle, Tyson",GE,25,247,82,114,361,53,27,,64,8,86,34,69,17,22,6,140,227,5,35,23,10,12
"Graham, Jack",RI,20,186,57,175,361,8,2,,95,18,84,38,67,25,18,2,137,236,,2,11,4,9
"Wilkie, Callum",SK,22,240,163,120,360,1,,,30,73,17,4,51,12,28,,94,262,21,1,147,3,1
"Vlastuin, Nick",RI,17,251,131,109,360,,,,48,100,27,5,48,23,18,,98,205,8,1,57,4,8
"Neal-Bullen, Alex",ME,23,184,71,175,359,9,17,,105,15,82,20,54,24,21,,139,234,2,11,19,6,17
"Starcevich, Brandon",BL,24,268,107,90,358,3,,,49,77,34,14,65,29,23,,127,217,9,,55,4,1
"Greenwood, Hugh",NM,21,156,46,199,355,3,5,,132,21,31,87,56,21,16,2,194,160,3,3,22,,7
"Ainsworth, Ben",GC,22,235,127,118,353,25,19,,57,3,80,9,73,21,23,1,103,258,5,38,19,6,25
"Rayner, Cam",BL,24,211,76,142,353,24,21,1,56,17,66,58,64,25,21,4,171,183,15,14,19,4,20
"Perryman, Harry",GW,16,190,66,160,350,3,,,77,37,38,42,44,12,14,,136,207,1,3,25,,4
"Moore, Darcy",CW,24,235,133,114,349,2,,,27,123,25,5,56,11,24,,128,140,35,1,202,11,2
"Parfitt, Brandan",GE,17,168,32,180,348,5,4,,80,10,59,74,77,20,24,,152,187,2,8,23,,7
"Battle, Josh",SK,21,254,142,94,348,,,1,40,64,24,7,67,14,19,,96,227,18,,61,3,2
"Harmes, James",ME,21,173,72,170,343,12,6,,75,19,70,35,59,18,20,2,130,218,4,7,33,,9
"Taylor, Curtis",NM,22,237,107,101,338,9,8,,43,45,48,22,70,19,21,,110,233,5,12,24,3,4
"Ash, Lachie",GW,21,206,97,132,338,2,7,,54,42,52,22,49,4,15,,94,245,1,7,38,2,6
"McIntosh, Kamdyn",RI,21,234,103,103,337,9,2,1,44,53,58,17,56,11,11,,93,244,3,7,57,14,3
"OBrien, Lochie",CA,19,238,98,99,337,5,9,,27,37,60,14,52,18,11,,66,275,2,6,21,2,12
"Marshall, Rowan",SK,21,218,97,118,336,9,7,484,66,27,51,71,76,36,36,3,186,154,25,10,48,,5
"Taylor, Sam",GW,22,190,132,145,335,,,,59,76,12,7,44,31,12,1,176,153,38,,189,,2
"Quaynor, Isaac",CW,24,199,93,134,333,2,3,,70,69,42,7,50,24,14,,132,208,11,,74,4,4
"Hawkins, Tom",GE,25,221,142,107,328,67,43,85,39,3,42,24,64,17,26,8,169,165,42,96,44,1,27
"Miers, Gryan",GE,22,174,80,153,327,13,13,,47,8,57,8,55,12,12,,101,230,2,12,12,2,19
"Coleman, Keidean",BL,18,234,107,92,326,4,1,,44,56,50,7,36,16,6,1,86,230,4,1,45,3,9
"Nash, Conor",HW,21,165,48,161,326,2,2,39,86,22,62,62,67,16,24,,150,177,,2,38,6,6
"Answerth, Noah",BL,23,221,111,102,323,,,,60,53,36,13,76,18,30,,90,230,9,1,56,,5
"Doedee, Tom",AD,20,171,81,152,323,,,,34,63,20,7,40,21,13,,117,177,12,,132,2,
"Rampe, Dane",SY,25,223,118,99,322,1,,,49,91,22,7,57,14,30,,75,232,5,,131,7,4
"Williams, Bailey",WB,22,192,82,129,321,7,7,,39,39,57,15,51,13,17,,97,227,7,4,36,1,6
"Guthrie, Zach",GE,21,224,116,97,321,5,3,,48,62,47,4,46,20,15,,92,230,14,2,49,5,8
"Bonner, Riley",PA,17,233,86,87,320,1,2,,13,62,28,10,39,6,14,,61,207,5,,23,5,4
"Hoskin-Elliott, Will",CW,24,203,98,115,318,14,7,,51,15,55,20,65,7,12,,116,196,6,13,34,6,12
"Berry, Sam",AD,18,156,33,161,317,3,2,,171,34,57,83,80,27,34,2,177,155,2,3,36,1,7
"Chapman, Heath",FR,17,180,105,136,316,,,,29,52,26,6,43,14,18,,92,226,6,,44,6,5
"Wood, Mason",SK,19,195,106,120,315,13,9,1,40,28,47,23,58,15,10,2,124,196,14,11,22,2,7
"Membrey, Tim",SK,22,212,147,101,313,34,20,7,27,9,69,3,46,12,15,1,100,215,25,37,36,5,11
"Laverde, Jayden",ES,22,190,137,123,313,,1,,45,62,31,6,56,18,29,,106,209,14,,84,1,2
"Cameron, Darcy",CW,24,204,91,108,312,20,8,423,80,30,31,59,61,48,18,4,189,126,35,18,55,,6
"Schultz, Lachie",FR,23,196,93,114,310,30,19,,69,11,56,11,67,25,35,6,125,191,3,22,27,,19
"McCarthy, Lincoln",BL,25,199,89,110,309,35,13,,83,7,79,18,74,20,24,1,132,181,14,32,31,7,9
"Anderson, Jed",NM,14,156,56,152,308,3,3,,58,15,49,51,55,17,14,,123,183,4,4,25,1,5
"Finlayson, Jeremy",PA,20,201,77,104,305,21,15,123,44,15,68,56,68,22,31,1,145,160,13,25,59,1,14
"Pickett, Marlion",RI,19,180,87,125,305,8,5,,55,31,63,26,76,21,28,2,118,196,10,6,32,3,5
"Jackson, Luke",ME,22,118,65,185,303,11,12,243,81,9,45,53,48,29,16,2,178,136,26,14,38,1,11
"Young, Lachie",NM,20,201,103,101,302,1,1,,48,77,37,7,52,22,23,,83,215,4,,88,7,3
"Hayward, Will",SY,25,198,112,103,301,34,22,,74,1,54,13,60,11,22,,131,174,20,19,21,,13
"Durham, Sam",ES,20,140,91,161,301,5,6,,35,26,29,20,55,17,24,,117,192,7,8,33,10,5
"Andrews, Harris",BL,24,208,154,93,301,,,,29,72,10,3,36,10,22,,114,185,28,,246,,
"Crouch, Matt",AD,11,115,39,186,301,,,,44,25,28,48,41,11,18,,103,201,,1,9,,4
"Kelly, Jake",ES,21,196,132,104,300,1,,,27,57,17,1,53,12,28,,75,219,11,1,56,,1
"Silvagni, Jack",CA,21,185,102,113,298,17,14,72,64,9,52,36,64,26,33,,126,177,14,18,28,3,4
"Darcy, Sean",FR,21,147,51,150,297,10,9,712,55,21,49,93,71,25,36,6,188,110,20,13,54,,8
"Webster, Jimmy",SK,20,193,97,104,297,,,,24,74,12,3,38,9,11,,69,210,2,,47,3,3
"Walters, Michael",FR,21,172,82,124,296,25,15,,57,5,42,18,62,30,19,,129,167,10,17,16,,11
"Walker, Brandon",FR,21,186,67,110,296,1,1,,43,38,29,13,65,12,23,,81,217,2,,42,5,3
"Barrass, Tom",WC,19,210,145,85,295,1,,7,14,77,12,10,32,24,13,,115,182,30,1,157,2,
"McCartin, Paddy",SY,24,229,121,65,294,1,,,23,68,27,5,39,32,14,,128,162,27,,119,1,3
"Paton, Ben",SK,20,179,91,115,294,,,,48,45,31,5,43,10,15,,95,195,3,,31,8,2
"Witts, Jarrod",GC,22,164,55,129,293,4,2,833,63,15,36,101,63,36,24,4,206,101,11,4,81,,10
"Corr, Aidan",NM,20,226,103,67,293,,,,23,100,8,4,54,9,25,,70,178,11,,113,3,1
"Edwards, Shane",RI,22,155,51,136,291,15,8,,32,12,48,26,34,11,10,,101,184,2,6,16,4,19
"Papley, Tom",SY,19,203,79,87,290,32,26,,37,10,62,41,62,17,16,5,138,161,7,30,25,8,20
"English, Tim",WB,16,164,87,125,289,11,9,379,41,28,51,67,50,35,18,6,134,153,19,14,50,8,3
"Stephenson, Jaidyn",NM,16,192,67,97,289,3,5,,42,53,33,26,39,9,10,,69,185,1,6,14,5,10
"Goldstein, Todd",NM,22,106,58,180,286,16,6,527,42,16,42,73,63,30,34,,166,133,18,12,106,,11
"Cameron, Charlie",BL,25,201,96,84,285,54,21,,77,8,35,9,57,22,16,3,134,152,15,56,31,1,20
"Bowey, Jake",ME,17,173,69,111,284,2,,,29,42,28,26,31,18,6,,100,182,2,1,25,,2
"Spargo, Charlie",ME,24,179,96,103,282,10,12,,57,10,67,7,37,23,17,,78,211,2,10,25,8,15
"Horne-Francis, Jason",NM,17,169,51,112,281,4,6,,49,20,42,59,70,31,28,,140,153,1,3,11,10,5
"De Koning, Sam",GE,23,143,120,138,281,1,,4,6,58,15,1,27,24,10,,122,161,36,1,125,,1
"Holmes, Max",GE,18,161,68,119,280,13,6,,42,19,52,24,49,8,14,2,99,180,4,10,24,7,14
"Jones, Jamaine",WC,18,177,59,102,279,3,2,,69,39,37,22,64,17,25,,98,194,,,15,7,4
"Witherden, Alex",WC,13,207,100,72,279,,,,26,83,13,6,29,11,12,,55,184,4,,30,5,1
"OConnor, Mark",GE,22,171,84,106,277,,4,,56,30,37,11,35,16,10,,92,190,5,2,39,1,3
"Kolodjashnij, Jake",GE,23,165,107,111,276,2,,,33,37,19,7,45,16,20,,101,173,15,,82,2,
"Day, Will",HW,17,169,68,104,273,3,1,,33,53,29,9,42,10,16,,74,169,5,1,39,4,2
"Cottrell, Matthew",CA,18,159,71,108,267,9,2,,32,17,39,11,30,9,5,,85,183,5,7,13,5,8
"Ward, Josh",HW,14,158,53,109,267,2,2,,41,19,32,38,48,7,11,,89,183,1,,11,1,7
"Elliott, Jamie",CW,19,172,72,93,265,28,19,,66,3,40,17,49,16,15,3,118,144,7,31,24,1,7
"OBrien, Reilly",AD,20,124,53,141,265,3,2,738,79,25,38,78,56,35,19,2,188,82,31,4,82,,2
"Curnow, Charlie",CA,22,231,126,33,264,64,42,1,35,1,71,1,58,29,16,11,142,129,42,65,48,1,12
"Franklin, Lance",SY,23,206,116,58,264,52,28,,46,2,58,4,80,33,34,8,117,157,29,58,27,3,13
"McStay, Daniel",BL,22,162,116,102,264,25,12,61,40,3,59,18,48,18,13,2,123,145,29,27,40,,14
"Macdonald, Connor",HW,20,160,67,103,263,9,9,,35,11,41,14,42,3,9,,90,172,3,6,8,2,6
"Powell, Tom",NM,18,126,47,137,263,5,,,46,25,37,45,31,5,5,,95,165,1,1,8,9,2
"Schoenberg, Harry",AD,16,117,23,146,263,4,4,,74,17,48,59,65,13,18,,119,151,,2,15,1,7
"Gardiner, Darcy",BL,21,168,100,93,261,,,,32,52,15,8,42,18,21,,99,155,14,1,95,1,
"McInerney, Oscar",BL,22,132,45,128,260,9,7,576,64,17,46,94,53,30,14,,187,85,18,10,61,,6
"Guelfi, Matt",ES,20,141,77,118,259,17,10,,47,9,50,13,63,21,27,,108,148,13,14,25,1,12
"Hall, Aaron",NM,11,198,55,61,259,2,3,,24,71,38,5,31,4,2,,50,159,4,,15,4,2
"Kennedy, Adam",GW,18,172,97,86,258,1,,,22,45,25,9,24,9,3,,45,201,2,,42,5,2
"Jones, Chayce",AD,20,167,58,91,258,,3,,30,44,28,21,46,18,11,,100,151,4,2,27,2,5
"Stanley, Rhys",GE,20,146,64,111,257,3,2,418,36,20,56,65,74,29,35,,146,117,20,9,95,,5
"Naughton, Aaron",WB,22,179,103,77,256,51,34,20,47,,45,11,52,26,10,6,141,114,42,51,26,,14
"Ziebell, Jack",NM,19,171,74,85,256,17,8,,42,17,34,10,47,21,17,4,103,145,12,14,28,1,7
"Walker, Taylor",AD,18,168,94,87,255,47,23,35,36,,49,15,65,27,28,14,139,130,26,40,23,,13
"Young, Lewis",CA,19,154,102,101,255,1,,6,26,65,8,2,38,17,12,,99,156,19,1,217,,
"Jiath, Changkuoth",HW,14,141,63,113,254,1,2,,29,43,24,5,44,11,14,6,81,178,9,1,41,23,2
"Aliir, Aliir",PA,19,179,92,74,253,,1,,30,62,8,4,57,15,24,,110,144,19,1,126,2,
"Hinge, Mitch",AD,17,162,67,90,252,3,2,,46,44,45,18,45,10,16,,84,157,1,,38,1,3
"Logue, Griffin",FR,20,121,100,130,251,8,8,25,35,28,17,8,39,9,13,,120,132,24,12,126,3,6
"Jonas, Tom",PA,21,166,107,85,251,,,,47,64,13,6,50,16,21,,96,158,15,,120,,
"Impey, Jarman",HW,16,158,61,92,250,3,8,,38,28,40,8,35,16,15,,73,177,2,1,8,12,4
"Ross, Jack",RI,15,124,69,126,250,3,1,,20,17,47,24,31,10,14,,74,184,,3,21,5,8
"Bews, Jed",GE,23,134,79,115,249,1,2,,43,34,27,9,37,8,13,,88,156,4,2,37,1,4
"McHenry, Ned",AD,20,116,47,132,248,13,6,,66,13,49,12,67,33,35,,115,147,3,6,20,1,10
"Hobbs, Ben",ES,17,121,60,124,245,8,12,,43,7,40,15,49,20,22,,97,152,2,6,4,3,5
"Wright, Peter",ES,22,181,128,63,244,53,26,69,15,7,45,5,49,29,13,8,116,144,41,59,81,1,13
"Ah Chee, Callum",BL,21,132,74,112,244,8,6,,36,21,32,10,37,11,19,,95,151,5,7,16,,5
"Rivers, Trent",ME,18,150,66,94,244,2,,,29,42,31,9,33,8,17,,74,174,5,,32,4,3
"McCartin, Tom",SY,25,137,96,107,244,,,,38,58,14,7,60,11,28,2,120,132,26,,220,,1
"Farrell, Kane",PA,16,164,68,79,243,11,6,,41,33,54,15,35,9,11,,71,176,4,5,37,4,7
"Collins, Sam",GC,22,168,117,75,243,,,,34,67,14,4,45,32,14,,116,144,24,,179,2,
"Lemmens, Sean",GC,20,184,79,59,243,,,,50,77,15,7,55,16,21,,86,140,7,,52,5,2
"Rankine, Izak",GC,18,154,40,88,242,29,21,,39,4,36,25,48,16,21,2,116,121,,21,21,15,18
"Gardner, Ryan",WB,22,164,116,78,242,,,,25,56,7,1,51,14,27,,83,164,14,,198,2,1
"Haynes, Nick",GW,17,176,98,65,241,1,2,,14,41,23,3,40,12,9,,62,174,4,4,52,,2
"Fox, Robbie",SY,14,155,75,86,241,,1,,29,39,11,6,30,11,6,,66,169,3,1,45,3,1
"Darling, Jack",WC,21,154,99,86,240,34,15,2,48,3,33,2,48,24,20,2,129,111,37,40,53,,9
"Pickett, Kysaiah",ME,23,180,55,59,239,41,18,,62,4,41,13,61,13,30,4,106,128,4,25,24,6,8
"Frederick, Michael",FR,22,154,74,85,239,28,14,,51,3,60,5,32,11,10,,73,169,4,15,15,10,11
"Stephens, Dylan",SY,15,171,63,67,238,5,2,,38,21,38,18,44,11,20,,76,172,,2,19,4,6
"Lynch, Tom",RI,19,183,116,52,235,63,27,,25,,43,2,60,27,29,14,140,99,62,65,31,,6
"Breust, Luke",HW,21,156,47,79,235,40,19,,51,3,64,9,48,33,14,3,118,126,8,23,21,3,15
"Hickey, Tom",SY,16,120,49,115,235,3,2,348,26,20,37,63,49,11,30,,160,87,14,4,44,,4
"Jones, Zak",SK,13,117,38,118,235,2,1,,46,13,33,39,43,15,21,,89,153,,2,9,5,5
"Lobb, Rory",FR,21,141,92,93,234,36,24,156,35,9,27,11,42,20,16,7,125,117,32,49,82,,12
"Hogan, Jesse",GW,18,146,130,88,234,35,21,13,35,1,30,1,33,13,10,5,102,134,38,50,26,,11
"Cripps, Jamie",WC,17,170,70,64,234,22,13,,68,11,67,34,38,19,14,,94,138,1,16,14,3,11
"Soligo, Jake",AD,16,129,33,105,234,6,5,,55,20,30,28,44,13,14,,106,129,3,3,20,2,6
"King, Max",SK,22,172,115,61,233,52,41,3,16,1,31,3,53,31,22,6,134,101,48,71,22,,8
"Holman, Nick",GC,20,113,42,120,233,16,10,,94,4,43,6,55,21,17,,137,109,5,14,21,3,8
"Adams, Marcus",BL,18,177,104,56,233,1,,,24,64,21,3,46,13,16,,81,155,19,,108,,5
"Riewoldt, Jack",RI,21,172,104,59,231,40,30,4,40,2,62,7,69,19,28,1,117,126,29,54,49,1,12
"Newnes, Jack",CA,16,146,65,85,231,4,5,,31,22,39,12,33,5,15,,59,176,2,6,18,7,8
"Wanganeen-Milera, Nasiah",SK,17,166,82,65,231,1,6,,32,27,33,14,41,4,5,,55,179,2,3,10,18,6
"Pearce, Alex",FR,21,154,90,76,230,1,,,25,51,11,4,43,17,17,1,92,140,19,,108,,
"Fritsch, Bayley",ME,24,169,90,60,229,55,22,,37,2,47,3,43,21,17,,101,142,10,48,31,2,16
"Fiorini, Brayden",GC,14,155,48,73,228,3,3,,41,21,46,26,37,5,4,3,82,138,1,2,20,,3
"Gray, Robbie",PA,16,96,48,131,227,14,7,,42,4,25,20,41,8,11,,91,139,5,24,17,1,13
"Zurhaar, Cameron",NM,19,155,72,71,226,34,26,,31,2,50,19,57,19,25,3,114,116,19,25,20,,7
"Lever, Jake",ME,19,136,88,90,226,1,,,32,48,19,3,43,13,15,1,91,130,13,,97,1,1
"Salem, Christian",ME,13,148,59,78,226,1,1,,37,37,26,9,33,6,11,,52,152,3,,18,1,1
"Ballard, Charlie",GC,18,177,109,49,226,,1,,22,52,17,3,57,13,20,,76,144,20,1,108,1,3
"Marshall, Todd",PA,21,188,116,37,225,45,15,18,46,5,41,4,41,14,7,3,92,133,28,58,43,,10
"Long, Ben",SK,19,128,74,97,225,8,6,,58,21,35,8,48,14,19,2,90,143,10,6,41,3,6
"Weller, Lachie",GC,11,161,48,64,225,3,2,,17,62,37,15,34,11,4,4,58,129,,,25,9,3
"Ginnivan, Jack",CW,23,161,62,62,223,40,19,,34,3,42,14,48,32,13,3,102,129,4,26,21,4,6
"Idun, Connor",GW,16,124,74,96,220,,3,,27,54,9,2,24,13,8,,63,157,2,,65,5,1
"Higgins, Jack",SK,18,147,68,72,219,30,25,,21,6,40,5,33,18,9,7,94,128,5,31,12,5,12
"Perkins, Archie",ES,18,151,68,68,219,16,13,,45,7,47,17,28,16,9,,71,150,7,19,3,,11
"Hately, Jackson",AD,11,103,31,116,219,2,6,,48,19,27,25,33,13,10,,65,156,1,4,11,,1
"McKay, Harry",CA,19,169,114,48,217,45,31,23,25,,30,9,45,36,19,7,130,94,43,53,32,,5
"Weitering, Jacob",CA,18,169,109,47,216,1,,3,16,71,12,1,37,16,12,,81,135,16,,134,7,
"Mihocek, Brody",CW,23,150,87,65,215,41,25,2,46,1,33,2,54,17,21,3,99,111,30,50,25,,10
"Greene, Toby",GW,15,160,78,55,215,37,19,,22,3,57,10,53,20,19,3,84,126,15,32,10,2,9
"Draper, Sam",ES,22,140,35,74,214,12,7,523,33,22,57,85,82,27,44,1,148,65,17,6,79,1,5
"Setterfield, Will",CA,13,131,51,83,214,1,3,,30,26,33,20,32,3,7,,69,151,1,3,16,1,4
"Windhager, Marcus",SK,18,118,52,95,213,4,4,,39,4,37,20,39,13,12,,66,159,1,6,13,1,3
"Rowe, James",AD,17,117,52,95,212,12,11,,27,8,38,14,30,16,10,,74,136,1,6,7,2,10
"Murphy, Lachlan",AD,17,129,38,83,212,9,12,,49,8,52,33,32,15,10,,97,119,4,9,14,2,12
"Daniher, Joe",BL,19,158,82,50,208,39,24,4,12,,50,7,53,18,21,,85,119,25,35,12,8,11
"De Koning, Tom",CA,19,120,49,87,207,4,6,326,46,12,43,50,47,24,21,,135,73,29,6,61,,3
"Balta, Noah",RI,18,148,76,57,205,13,7,27,20,40,32,9,51,18,16,2,94,105,28,16,51,7,3
"Foley, Luke",WC,16,144,68,61,205,1,2,,40,35,17,11,38,14,8,,67,136,3,1,29,2,1
"McCreery, Beau",CW,22,115,34,89,204,14,11,,86,6,54,16,45,14,21,,88,107,1,8,34,19,13
"Georgiades, Mitch",PA,19,118,90,85,203,23,24,,40,1,28,2,59,18,26,,92,114,28,42,27,6,2
"Colyer, Travis",FR,18,148,63,54,202,9,6,,31,9,50,10,21,13,7,,57,149,1,4,16,12,15
"Bruhn, Tanner",GW,17,93,38,109,202,7,3,,59,7,34,36,41,19,20,1,96,117,1,3,14,6,3
"Reid, Sam",SY,18,108,72,93,201,18,20,126,73,5,35,25,37,18,20,2,121,83,27,26,49,,4
"Switkowski, Sam",FR,14,79,23,122,201,11,6,,63,1,40,24,21,12,10,,94,97,1,7,19,12,14
"Maginness, Finn",HW,16,108,41,93,201,3,7,,57,19,36,17,42,8,9,,71,130,1,1,17,,6
"Howard, Dougal",SK,17,153,83,48,201,,,,16,66,16,4,38,15,20,,50,124,7,,160,,1
"Hunt, Jayden",ME,20,134,52,66,200,,2,,27,38,35,5,36,8,9,,70,132,4,,41,6,
"West, Connor",WC,14,100,34,98,198,3,3,,52,10,33,29,35,15,12,,79,120,3,4,5,1,2
"McKenzie, Daniel",SK,12,121,57,77,198,3,3,,25,18,27,15,31,6,9,,81,123,4,1,37,3,3
"Perez, Flynn",NM,16,118,50,80,198,,,,35,41,29,16,42,10,13,,54,139,1,,21,3,4
"Tarrant, Robbie",RI,20,115,89,82,197,,,,21,37,20,4,42,11,24,,81,119,11,,137,,1
"Stringer, Jake",ES,15,136,33,60,196,25,19,,45,3,42,39,46,16,16,2,91,108,3,20,20,1,6
"Hunter, Lachie",WB,10,118,54,77,195,2,5,,26,12,36,9,21,10,6,,52,145,2,4,18,6,1
"Larkey, Nick",NM,20,127,76,67,194,38,18,,13,1,26,1,45,27,17,5,102,94,25,37,41,,4
"Petty, Harry",ME,18,111,70,80,191,1,,,41,46,10,3,35,4,21,,80,107,24,1,114,1,2
"Weightman, Cody",WB,21,131,55,57,188,36,10,,40,5,35,5,43,21,14,,89,104,13,24,24,,5
"Robinson, Mitch",BL,15,121,41,67,188,9,2,,26,22,30,22,42,13,10,,74,113,1,3,16,1,2
"Ralphsmith, Hugo",RI,13,101,45,87,188,5,1,,17,25,28,4,32,5,9,,54,120,3,1,25,10,2
"Butler, Dan",SK,19,127,35,60,187,19,8,,77,1,36,9,47,17,18,1,77,103,2,6,16,7,16
"Ryan, Liam",WC,17,153,71,34,187,19,12,,39,5,48,8,57,24,15,,74,112,11,22,11,5,12
"Nelson, Jackson",WC,13,104,46,82,186,1,,,28,16,12,22,26,9,8,,60,126,,,22,,3
"Hough, Brady",WC,15,127,74,59,186,,3,,14,26,28,5,32,6,8,,36,148,2,2,9,2,5
"Chol, Mabior",GC,22,142,80,43,185,44,27,88,28,3,32,17,57,25,29,3,130,67,33,39,47,1,7
"Waterman, Jake",WC,20,143,97,42,185,18,11,,32,11,27,2,30,14,9,,56,131,11,21,23,,9
"Henry, Jack",GE,17,119,82,65,184,4,1,6,24,28,14,2,31,8,9,,57,126,10,6,72,1,5
"Naish, Patrick",WC,11,120,42,64,184,1,3,,15,32,25,8,33,5,8,,46,135,,2,7,2,3
"Durdin, Corey",CA,21,118,40,65,183,15,11,,48,5,34,9,35,7,9,,82,107,3,7,20,2,13
"Castagna, Jason",RI,16,100,59,81,181,12,9,,33,7,28,1,38,7,8,,69,114,9,13,2,1,7
"McComb, Robbie",WB,15,93,32,88,181,6,5,,23,6,31,11,41,6,11,,65,120,,5,11,1,9
"Butts, Jordon",AD,19,99,63,82,181,,,,15,39,8,1,24,12,12,,71,108,8,,114,,
"ODriscoll, Nathan",FR,12,103,42,75,178,10,6,,19,8,29,17,29,11,8,,56,119,,4,17,8,4
"Walker, Josh",NM,16,105,79,73,178,,1,,15,50,6,2,31,14,11,,76,93,19,2,84,,
"Sholl, Lachlan",AD,11,103,38,74,177,4,1,,9,17,23,19,20,5,4,,55,125,,1,9,,4
"Fort, Darcy",BL,18,127,31,49,176,9,1,306,37,16,30,54,42,21,19,,128,59,9,8,52,,4
"Lukosius, Jack",GC,13,143,62,33,176,8,14,,28,20,49,7,35,8,11,,57,101,5,13,31,,12
"Powell, Wil",GC,12,136,43,40,176,1,6,,29,43,30,8,26,9,12,,58,98,4,,32,4,6
"Williams, Zac",CA,9,136,37,40,176,,,,11,48,14,10,26,7,7,1,48,96,1,,22,21,1
"Hipwood, Eric",BL,17,125,79,49,174,25,17,8,18,2,38,5,50,16,18,,74,107,15,30,37,2,11
"Plowman, Lachie",CA,15,89,52,85,174,,,,26,25,12,5,21,12,7,,70,113,5,,60,1,1
"Brown, Ben",ME,19,114,79,59,173,30,19,14,17,,23,2,36,14,19,,91,97,25,34,45,,5
"Keath, Alex",WB,15,105,80,68,173,3,,,20,33,14,1,27,7,8,,66,118,12,,61,1,2
"Gunston, Jack",HW,16,129,70,43,172,32,24,,22,1,29,1,28,12,11,3,73,101,13,39,28,1,13
"Dixon, Charlie",PA,12,89,41,83,172,16,8,90,27,,27,24,33,14,19,1,116,57,25,13,36,,9
"Markov, Oleg",GC,11,125,47,47,172,1,,,20,37,26,4,32,8,4,,52,105,,1,19,19,2
"Farrar, Jy",GC,14,123,64,48,171,1,,,21,42,21,3,26,5,11,,52,111,3,,44,16,
"Worpel, James",HW,11,86,20,83,169,3,2,,24,10,33,32,40,8,11,,94,82,,,14,2,1
"Lewis, Mitch",HW,15,116,72,52,168,37,15,4,16,1,20,4,33,17,14,3,84,84,23,35,34,1,7
"Edwards, Harry",WC,17,125,94,43,168,,,,18,29,4,3,27,11,13,,56,117,14,,92,1,
"Fogarty, Darcy",AD,17,113,75,54,167,33,14,2,31,,41,6,41,11,20,2,85,91,24,32,39,,8
"Hibberd, Michael",ME,12,105,52,62,167,,,,21,45,9,1,22,3,6,,54,93,3,,35,,
"Martin, Dustin",RI,9,114,31,51,165,12,7,,15,2,40,26,35,4,14,2,75,97,4,6,11,2,4
"Gibcus, Josh",RI,18,99,62,66,165,3,1,4,22,43,12,1,35,11,11,,63,106,11,2,115,,3
"Grimes, Dylan",RI,15,106,52,59,165,,,,23,38,4,1,38,14,14,,79,72,13,,81,1,
"Turner, Kayne",NM,17,105,53,59,164,4,3,,40,23,20,3,36,13,12,,54,109,3,3,22,1,1
"Petrevski-Seton, Sam",WC,14,89,42,75,164,1,1,,43,14,10,8,28,9,13,,61,100,1,1,19,1,2
"McGovern, Jeremy",WC,10,111,67,53,164,1,,2,12,43,9,1,22,5,3,2,57,88,15,,62,1,
"Scott, Anthony",WB,14,102,48,61,163,7,3,,20,10,30,15,18,16,5,,51,119,2,8,21,2,5
"Bergman, Miles",PA,10,99,47,64,163,6,5,,22,9,20,10,29,5,2,,52,111,2,5,19,2,2
"Ladhams, Peter",SY,11,82,29,81,163,2,4,226,16,8,23,41,48,25,29,4,95,76,3,4,38,,1
"McAdam, Shane",AD,15,94,65,68,162,23,13,,44,2,14,2,33,15,17,,60,97,10,31,10,3,10
"Owies, Matthew",CA,17,103,43,59,162,14,11,,66,4,32,7,25,17,10,,77,88,4,14,19,1,11
"West, Rhylee",WB,14,78,37,84,162,11,9,,53,4,24,5,30,7,14,,78,92,6,12,14,1,12
"Murphy, Nathan",CW,16,116,52,46,162,,,,19,52,7,1,29,13,13,,65,99,11,,87,,
"Casboult, Levi",GC,21,114,79,47,161,35,22,10,21,1,22,5,67,18,31,,89,72,36,49,37,,3
"Cutler, Tom",ES,9,110,51,50,160,5,3,,8,31,23,6,18,1,8,,38,113,2,6,23,5,1
"ONeill, Xavier",WC,11,96,19,64,160,2,,,51,13,26,24,31,7,14,,64,95,,,6,,8
"Frost, Sam",HW,12,91,55,68,159,1,1,3,24,36,11,1,46,9,24,,64,98,7,3,60,4,1
"Duryea, Taylor",WB,12,104,70,54,158,1,,,15,21,21,3,24,10,9,,47,118,3,1,27,1,2
"Williams, Bailey",WC,17,83,31,74,157,6,6,280,35,13,21,45,33,18,11,,98,61,11,11,32,,3
"Rioli, Junior",WC,13,104,41,52,156,14,3,,41,11,21,36,41,10,21,1,80,83,4,10,11,3,5
"Lienert, Jarrod",SK,11,110,52,46,156,,1,7,23,42,9,11,32,4,12,,36,107,,,32,,
"Motlop, Steven",PA,14,99,47,54,153,10,6,,37,6,33,3,26,10,13,,52,105,4,8,14,,9
"Milera, Wayne",AD,12,81,32,72,153,5,6,,24,6,23,7,19,6,8,,57,97,2,5,13,2,9
"Cox, Mason",CW,18,112,58,40,152,7,8,317,36,19,30,28,56,21,29,1,101,53,29,12,59,,1
"Zerk-Thatcher, Brandon",ES,12,100,70,52,152,,,,12,36,3,4,19,9,6,,38,112,4,,71,1,
"Riccardi, Jake",GW,15,104,74,47,151,15,14,14,23,2,22,6,24,10,5,,54,99,15,20,14,1,6
"Tucker, Darcy",FR,14,87,43,63,150,2,5,,24,12,23,22,24,5,5,,49,102,2,2,9,1,2
"Davies, Alex",GC,15,81,27,68,149,8,3,2,47,8,27,22,41,13,19,,87,68,1,2,14,1,4
"Mathieson, Rhys",BL,10,73,25,74,147,3,4,,25,10,18,43,18,17,7,2,86,62,,2,8,,3
"Rachele, Josh",AD,13,93,36,53,146,17,11,,24,4,18,16,36,8,11,1,63,84,2,14,11,3,4
"Duursma, Xavier",PA,11,84,43,62,146,6,1,,20,17,15,13,32,6,7,,39,109,2,5,12,6,5
"Shiels, Liam",HW,13,84,32,62,146,4,4,,39,10,25,11,32,9,6,,48,88,1,2,14,,2
"Brown, Luke",AD,11,86,38,60,146,,,,21,28,6,7,15,17,5,,54,87,,,17,3,
"McDonald, Logan",SY,17,96,69,49,145,15,16,,26,1,19,1,24,8,6,,64,85,12,21,19,,10
"Curtis, Paul",NM,15,94,55,50,144,12,8,,43,5,27,1,33,14,14,,68,87,10,15,10,1,7
"Banfield, Bailey",FR,23,102,46,41,143,18,14,,26,5,26,2,32,11,16,,63,95,7,15,9,1,8
"OHalloran, Xavier",GW,14,88,35,55,143,1,3,,24,11,31,9,27,4,6,,41,108,1,2,12,2,2
"Campbell, Braeden",SY,17,102,36,39,141,2,2,,31,19,25,4,25,10,13,,48,92,,,24,2,2
"Rotham, Josh",WC,13,103,71,38,141,2,,8,21,29,11,,23,9,9,,25,116,2,2,38,,1
"Jones, Lachie",PA,14,73,36,68,141,1,1,,30,21,15,6,41,10,11,,52,91,3,1,52,2,4
"Rosas, Malcolm",GC,15,77,27,63,140,14,7,,46,2,27,13,37,5,11,,71,75,3,5,11,1,7
"McKay, Ben",NM,15,92,82,47,139,1,,,11,28,3,3,21,7,7,,69,71,32,4,60,5,
"Prior, Jaxon",BL,12,104,38,34,138,4,3,,23,15,23,10,29,13,5,,55,87,1,1,21,,
"Bramble, Lachlan",HW,9,87,25,51,138,,3,,21,28,12,8,15,7,4,,41,83,1,1,14,3,5
"Billings, Jack",SK,8,92,46,44,136,5,2,,19,17,22,8,12,8,5,,37,99,3,4,9,,3
"Keeffe, Lachlan",GW,18,89,48,47,136,2,2,69,33,20,9,6,32,8,19,,51,83,8,1,66,,2
"Hopper, Jacob",GW,7,57,20,78,135,2,1,,21,10,16,33,29,9,10,,66,74,,,6,1,3
"Budarick, Connor",GC,9,106,44,29,135,,1,,22,32,12,2,24,9,6,2,43,73,4,,25,1,
"Ugle-Hagan, Jamarra",WB,17,100,60,34,134,18,16,3,18,,33,,33,10,5,2,61,76,17,31,16,1,2
"McNeil, Lachlan",WB,16,79,32,55,134,10,7,,51,2,23,5,22,13,7,,50,83,1,7,15,1,2
"Grainger-Barras, Denver",HW,16,87,49,47,134,,,,23,38,5,3,39,14,24,,51,81,9,,70,4,
"Kennedy, Josh",WC,15,96,58,37,133,37,13,,21,1,22,1,35,11,18,6,53,86,10,36,13,,3
"Kennedy, Josh",SY,11,66,30,67,133,2,,,19,9,13,23,23,2,8,,58,77,3,3,11,3,2
"Graham, Caleb",GC,15,95,52,38,133,1,,2,14,37,16,3,26,13,9,,50,80,8,,153,,
"Payne, Jack",BL,12,104,65,28,132,2,3,,21,40,13,,17,7,2,,47,82,11,3,74,1,2
"Clurey, Tom",PA,13,102,70,30,132,,,,13,28,4,,23,4,10,,41,86,9,,76,5,
"Flynn, Matt",GW,12,61,33,69,130,4,1,306,25,6,19,35,31,11,15,,86,48,15,7,40,,
"Dumont, Trent",PA,8,71,31,59,130,2,2,,15,15,12,10,12,2,2,,33,98,2,4,9,,2
"Clarke, Ryan",SY,14,54,21,75,129,5,4,,40,2,21,8,22,6,6,,56,75,2,4,17,1,3
"Thomas, Tarryn",NM,10,84,28,45,129,2,2,,28,9,27,27,30,8,8,,55,76,5,4,9,6,1
"Parnell, Patrick",AD,11,83,30,45,128,,1,,25,19,16,3,17,5,3,,30,98,,1,13,3,2
"Murray, Nick",AD,16,87,44,40,127,,,6,21,40,13,5,36,13,13,,65,66,14,,110,,1
"OBrien, Tim",WB,11,89,64,37,126,1,,,10,24,12,2,17,9,6,,46,85,11,1,69,,
"Koschitzke, Jacob",HW,16,81,36,44,125,18,8,49,41,2,25,12,33,13,12,,64,58,9,18,36,,3
"Menegola, Sam",GE,7,87,28,38,125,5,4,,8,9,27,9,26,4,6,2,34,92,,3,9,1,7
"Taberner, Matthew",FR,13,100,63,24,124,23,8,,13,,22,1,18,19,8,3,54,68,18,20,15,,4
"Langford, Kyle",ES,9,73,42,51,124,10,7,,22,3,21,4,20,4,7,,33,96,4,12,1,1,4
"Preuss, Braydon",GW,10,84,41,40,124,2,8,326,26,12,42,32,44,20,23,,85,39,21,2,13,,6
"Howe, Daniel",HW,9,74,40,50,124,1,1,2,16,9,13,7,20,6,7,,36,79,2,3,20,,1
"Wingard, Chad",HW,10,78,21,45,123,17,6,,22,,26,12,24,7,10,,47,68,4,10,14,2,6
"Peatling, James",GW,12,80,50,43,123,9,8,,18,3,22,10,24,7,7,1,39,88,2,9,7,3,7
"Sonsie, Tyler",RI,7,71,18,52,123,3,3,,13,11,17,16,13,5,,,46,74,,5,7,2,4
"Hamill, Will",AD,13,59,23,64,123,1,,,24,18,12,4,16,8,7,,56,72,4,,26,,1
"Rioli, Maurice",RI,15,76,30,46,122,14,7,,41,1,26,1,36,8,11,,50,72,1,16,19,8,10
"Henry, Oliver",CW,15,88,44,33,121,21,15,,13,2,27,3,30,9,6,1,45,73,7,26,15,,5
"Clark, Hunter",SK,8,82,22,39,121,,,,17,16,13,8,24,4,9,,41,81,1,,14,,
"Xerri, Tristan",NM,12,50,27,70,120,5,2,262,42,6,13,29,38,14,17,,75,43,6,6,24,,3
"Wehr, Jacob",GW,10,87,36,33,120,4,,,35,11,20,8,21,11,7,,48,74,1,2,17,,2
"Sharp, Jeremy",GC,12,84,35,33,117,5,4,,10,5,27,2,16,6,3,,33,80,,5,6,5,
"Martin, Jack",CA,12,74,40,40,114,12,11,,31,3,20,3,26,7,8,,54,62,9,12,8,,8
"Mead, Jackson",PA,11,59,20,55,114,1,,,32,4,17,13,18,3,2,,38,75,2,2,11,2,2
"Thilthorpe, Riley",AD,11,70,49,43,113,8,7,55,24,3,18,11,31,5,8,,70,41,20,18,22,1,1
"Vandermeer, Laitham",WB,10,57,26,55,112,4,3,,18,6,28,4,21,6,4,,42,71,,5,6,,10
"Coleman-Jones, Callum",NM,10,58,28,53,111,5,4,101,17,3,17,14,33,13,17,,58,55,9,5,17,,4
"Cunningham, Harry",SY,10,58,33,53,111,,,,24,14,8,2,12,6,3,,36,74,1,,17,1,3
"Himmelberg, Elliott",AD,11,59,34,50,109,14,5,32,19,1,21,6,21,14,12,,54,62,9,10,32,,5
"Mahony, Jack",NM,13,68,33,41,109,6,1,,30,7,20,11,28,9,10,,37,76,1,9,7,,2
"Cordy, Zaine",WB,14,60,33,49,109,2,,38,29,13,12,9,31,7,15,,50,63,4,4,58,,3
"Rohan, Gary",GE,12,71,31,37,108,14,6,,29,2,33,4,25,11,10,,45,68,4,11,17,,8
"de Boer, Matt",GW,12,54,31,54,108,5,3,,19,6,24,1,19,8,11,,27,80,2,6,10,,4
"Frampton, Billy",AD,6,82,39,26,108,1,,,,38,6,1,16,8,4,,23,71,4,,34,,1
"Snelling, Will",ES,8,41,24,66,107,,,,28,3,20,6,17,5,5,,35,72,,2,6,,
"Fyfe, Nat",FR,7,37,20,69,106,6,4,,20,1,14,15,21,3,13,,53,53,6,10,7,1,5
"Lloyd, Daniel",GW,11,75,39,31,106,5,6,,27,4,17,5,21,4,5,,37,69,2,8,7,2,3
"Macpherson, Darcy",GC,10,66,24,40,106,,1,,25,13,22,2,24,12,7,,47,57,1,3,5,,4
"Naitanui, Nic",WC,8,43,12,62,105,2,1,230,19,2,24,45,24,8,16,,91,23,4,,27,,1
"Dahlhaus, Luke",GE,10,40,20,64,104,3,2,,19,,14,4,11,10,2,,37,65,,3,9,,5
"McGovern, Mitch",CA,7,85,45,19,104,,1,,13,33,13,1,18,6,6,,25,58,6,,24,1,4
"Grundy, Brodie",CW,6,53,15,48,101,2,,182,23,5,23,33,31,13,13,1,65,38,3,,20,2,5
"Motlop, Jesse",CA,12,55,22,45,100,12,6,,29,1,16,2,25,4,13,,49,53,2,6,8,3,1
"Bianco, Trent",CW,10,62,30,38,100,1,1,,27,12,13,6,20,6,7,,33,66,,2,8,,3
"Melksham, Jake",ME,11,71,41,27,98,12,12,,21,2,25,5,15,5,4,1,41,59,8,19,8,4,11
"Smith, Roarke",WB,10,52,24,46,98,5,1,,15,8,12,7,16,7,4,,41,60,3,2,9,,1
"Clark, Greg",WC,9,52,24,46,98,1,1,,31,13,14,13,18,9,8,,36,65,,1,8,,1
"McDonald, Tom",ME,9,66,36,31,97,15,10,15,10,7,8,2,20,8,8,2,44,54,9,20,18,,7
"Flanders, Sam",GC,9,51,22,46,97,3,1,,19,9,15,4,16,2,3,,34,66,2,1,8,2,2
"Burgoyne, Jase",PA,8,64,26,33,97,2,1,,18,14,12,4,14,4,1,,28,70,1,1,14,1,2
"DAmbrosio, Massimo",ES,8,56,28,40,96,4,,,11,17,5,3,18,3,6,,28,70,2,3,2,,1
"Ryder, Paddy",SK,12,73,32,22,95,11,7,264,26,4,18,26,50,16,28,4,61,39,10,9,29,,2
"Soldo, Ivan",RI,13,60,32,35,95,7,3,185,24,9,14,25,34,18,20,,45,47,6,9,24,,2
"Robertson, Deven",BL,8,47,21,48,95,3,,,32,5,14,7,16,5,5,,43,53,4,1,5,,5
"Hill, Bobby",GW,11,62,24,32,94,9,8,,24,3,20,4,19,8,8,,38,57,2,7,15,2,2
"McEvoy, Ben",HW,8,36,17,57,93,6,1,178,26,6,9,14,14,14,3,,53,48,7,4,40,1,1
"Hughes, Ethan",FR,6,45,27,48,93,,,,5,13,8,9,13,1,7,,24,73,,,15,1,
"Miller, Ben",RI,11,51,30,41,92,3,,47,29,25,13,8,17,9,8,,47,45,8,3,69,,2
"Lazzaro, Charlie",NM,12,40,22,52,92,,5,,12,5,14,7,14,1,6,,29,64,1,2,7,1,5
"Wicks, Sam",SY,10,43,21,48,91,4,4,,25,,17,2,26,5,18,,43,50,3,4,12,,4
"Johannisen, Jason",WB,8,54,32,36,90,8,5,,11,3,21,4,10,1,4,,31,63,3,7,11,2,3
"Lambert, Kane",RI,7,51,21,39,90,1,2,,15,5,15,8,15,3,,,20,60,,2,1,2,1
"Reeves, Ned",HW,12,53,17,36,89,7,1,323,29,8,19,26,34,9,22,,54,30,7,6,47,,
"Bazzo, Rhett",WC,9,57,38,32,89,,1,,10,22,5,,11,1,2,,22,67,3,,20,,
"Atkins, Rory",GC,9,58,15,31,89,,,,8,16,17,5,17,2,6,,26,64,,,9,4,1
"Byrnes, Ryan",SK,11,51,25,37,88,,1,,10,10,15,5,17,2,4,,24,66,,,4,1,2
"Dow, Thomson",RI,6,34,7,53,87,1,,,16,8,15,22,16,4,7,,44,47,1,,10,,2
"Tomlinson, Adam",ME,8,61,38,26,87,,,,7,28,2,,20,,8,,29,52,4,,34,,
"Cumberland, Noah",RI,9,58,18,27,85,19,13,,17,,18,5,16,5,4,,42,38,4,10,8,1,8
"Hollands, Elijah",GC,5,52,26,33,85,5,4,,11,5,18,11,17,6,6,,34,52,3,4,4,1,1
"Dixon, Hugh",WC,10,44,26,41,85,4,3,33,19,,14,11,8,10,3,,46,38,7,5,20,1,4
"Sharman, Cooper",SK,10,62,32,23,85,3,1,5,7,11,14,4,15,3,2,,31,51,4,4,37,1,
"Langdon, Zac",WC,8,37,20,48,85,3,1,,27,1,14,2,10,7,6,,41,49,3,2,3,1,5
"Bonar, Aiden",NM,10,42,18,43,85,,,,14,19,4,3,17,3,8,,25,59,,,39,2,
"Madgen, Jack",CW,9,43,22,41,84,1,,,13,13,4,1,7,6,3,,26,55,3,,23,1,
"Weideman, Sam",ME,10,46,28,37,83,13,6,29,14,2,12,4,19,7,7,,46,39,10,13,16,,4
"Carmichael, Josh",CW,7,62,10,21,83,4,4,,13,3,13,15,27,1,5,,38,35,,4,6,1,1
"Cook, Brayden",AD,8,56,13,27,83,3,2,,14,6,13,5,11,5,3,,25,57,,,2,1,1
"Higgins, Shaun",GE,5,41,15,42,83,1,1,,19,7,11,9,16,7,5,,19,64,1,2,3,,4
"McLean, Hayden",SY,9,47,28,34,81,11,3,38,14,3,7,6,14,13,7,,43,41,13,7,25,,7
"Petruccelle, Jack",WC,8,61,30,20,81,8,8,,18,3,20,8,13,9,3,,33,50,4,7,8,4,2
"Khamis, Buku",WB,8,49,29,31,80,6,6,3,11,8,7,3,22,11,5,,32,50,5,7,20,,
"Pittonet, Marc",CA,8,26,12,54,80,,1,168,13,6,8,26,21,8,12,,50,34,3,,20,,
"Boyd, Jordan",CA,7,51,21,28,79,,1,,13,11,10,1,12,4,7,,28,50,1,,14,,1
"McKenzie, Trent",PA,7,58,25,21,79,,,,7,18,1,3,15,2,6,,24,38,8,,35,,
"Smith, Devon",ES,8,47,9,31,78,3,8,,21,1,12,5,12,5,4,,30,44,1,5,1,1,8
"Bowes, Jack",GC,5,58,18,20,78,,,,7,22,8,8,15,2,7,,20,43,,,8,5,1
"Jones, Harry",ES,10,44,28,32,76,13,5,,14,,11,2,14,6,2,,39,38,10,15,12,,1
"Butler, Sam",HW,9,42,16,34,76,6,5,,15,,13,3,21,10,9,,38,42,3,2,4,,2
"Hannan, Mitch",WB,7,53,24,23,76,4,1,4,8,12,11,2,19,6,3,,31,46,1,2,10,1,3
"Garcia, Riley",WB,7,41,10,35,76,3,1,,8,1,12,5,17,2,5,,34,42,1,3,2,2,3
"Cockatoo, Nakia",BL,8,49,22,27,76,2,2,,22,8,19,6,9,6,4,,32,43,2,2,11,,6
"Stephens, Cooper",GE,7,36,14,40,76,,,,11,7,12,14,12,3,6,,30,47,,1,1,,3
"Callaghan, Finn",GW,5,41,18,34,75,2,,,5,9,11,3,12,2,3,,20,57,1,,3,1,2
"Yeo, Elliot",WC,5,50,21,25,75,,1,,8,26,2,3,8,,3,,22,49,,,11,3,
"Owens, Mitch",SK,7,40,17,34,74,3,2,3,29,3,13,7,19,7,5,,41,38,2,3,13,1,1
"Jamieson, Callum",WC,9,29,16,45,74,,,69,20,4,11,13,14,6,6,,40,37,2,2,19,,2
"Ronke, Ben",SY,8,43,16,29,72,6,5,,11,2,14,,9,4,2,,33,37,1,5,3,,4
"Sloane, Rory",AD,4,36,12,36,72,,1,,17,7,7,20,16,6,4,,44,34,1,1,12,,
"Brown, Tyler",CW,11,28,7,43,71,2,,2,34,6,7,10,20,3,8,,38,37,,,7,,1
"Bosenavulagi, Atu",NM,9,36,16,35,71,,,,23,8,6,3,11,4,5,,30,41,1,,11,,
"Meek, Lloyd",FR,6,26,12,43,69,2,,117,15,5,6,18,15,11,12,,39,35,3,1,33,,
"McEntee, Jed",PA,9,26,13,42,68,5,4,,23,2,8,1,12,4,6,,26,42,1,3,7,,
"Narkle, Quinton",GE,8,40,21,28,68,4,3,,8,8,14,9,14,1,4,,23,47,,4,3,2,3
"Hannebery, Dan",SK,3,34,7,34,68,1,,,8,1,14,15,7,3,1,3,29,39,,,1,1,1
"Brown, Callum",CW,6,22,8,45,67,1,,,19,3,7,4,12,4,3,,22,41,1,,2,1,
"Blanck, James",HW,9,42,15,25,67,,,,14,15,6,2,18,7,8,,32,40,2,,57,,
"Johnson, Ash",CW,9,52,30,14,66,15,9,1,18,,16,,14,10,6,,37,31,10,14,6,,4
"Carroll, Jack",CA,5,45,24,21,66,1,1,,3,2,13,9,15,1,2,,19,51,,2,1,,5
"Stocker, Liam",CA,6,45,12,21,66,,,,11,15,7,3,14,3,5,,18,44,1,,15,,1
"Bedford, Toby",ME,16,33,13,32,65,9,3,,21,4,15,7,9,4,1,,25,43,,3,9,3,3
"Brander, Jarrod",GW,5,43,26,22,65,4,5,,6,2,13,2,13,3,4,,20,46,3,4,4,2,1
"Henry, Liam",FR,7,36,19,29,65,1,1,,10,3,7,3,14,3,4,,16,52,1,1,5,1,
"Ham, Brayden",ES,11,32,20,32,64,,2,,12,6,12,4,13,1,5,,23,44,1,3,8,,3
"Cox, Nik",ES,5,26,20,37,63,1,3,,7,2,8,1,13,8,6,,24,42,2,3,4,,1
"Dunstan, Luke",ME,5,22,10,41,63,,1,,11,1,10,13,9,1,3,,28,37,1,,4,,3
"Schache, Josh",WB,7,48,31,14,62,5,5,15,14,5,12,1,8,3,4,,21,41,7,8,12,1,2
"Lynch, Max",HW,7,37,14,25,62,4,1,123,11,7,14,13,12,5,5,,36,24,5,4,6,,2
"Waterman, Alec",ES,8,31,23,29,60,10,4,,14,,9,,13,,7,,33,26,6,14,4,1,2
"Hayes, Jack",SK,5,26,23,34,60,6,1,13,9,2,5,10,8,10,2,1,37,26,7,6,9,,2
"Crozier, Hayden",WB,5,43,25,17,60,1,,,5,12,7,1,10,2,5,,13,48,2,,11,1,
"Parker, Matthew",RI,5,40,22,19,59,4,3,,9,3,16,3,16,7,6,,30,31,3,3,5,1,4
"Reid, Zach",ES,7,35,23,24,59,,,,16,10,1,,10,4,3,,21,37,,,29,,
"Phillips, Andrew",ES,10,41,20,17,58,4,,142,25,3,12,14,27,8,14,,42,22,8,4,27,,2
"Brown, Callum",GW,8,43,24,15,58,4,1,,14,7,11,1,8,4,2,3,19,39,4,1,21,,1
"Davis, Phil",GW,5,36,23,22,58,,,,8,13,3,,11,7,5,,24,35,1,,29,,
"Worrell, Josh",AD,4,33,8,24,57,,,,7,14,7,4,6,4,1,,31,21,5,,21,,
"Lycett, Scott",PA,4,20,11,36,56,2,,96,6,,10,17,11,7,5,,29,25,2,,10,1,
"Dawson, Kallan",NM,4,34,21,22,56,,1,,6,11,7,,6,5,,,16,39,2,,17,1,
"Stein, Jake",GW,9,33,18,22,55,1,,,11,11,4,1,8,6,1,,22,34,2,2,35,,1
"Erasmus, Neil",FR,5,28,13,26,54,1,2,,11,,9,9,10,3,,,21,36,,1,2,,
"Hayes, Sam",PA,7,25,11,29,54,,,205,9,2,10,16,15,18,11,,38,23,1,,24,,1
"Gollant, Lachlan",AD,7,36,23,17,53,7,6,,5,1,8,,8,6,4,,22,30,4,9,10,,2
"Culley, Jai",WC,4,28,8,25,53,1,1,,30,2,9,14,11,3,6,,26,25,,1,3,,2
"Hayden, Kyron",NM,5,28,19,24,52,,,,10,11,1,2,15,4,6,,21,33,1,,10,,1
"Stewart, James",ES,6,33,21,18,51,4,,2,6,9,4,4,17,4,7,,28,24,7,4,10,,2
"Jeffrey, Joel",GC,5,40,17,10,50,8,3,,8,,12,,6,4,,,27,27,6,7,9,1,2
"Winder, Isiah",WC,6,25,13,25,50,3,2,,7,2,6,4,10,2,3,,20,30,,1,5,,2
"Aarts, Jake",RI,7,20,6,29,49,2,2,,14,2,6,6,9,5,6,,25,24,,3,4,,1
"Smith, Joel",ME,7,30,14,18,48,,,,12,8,4,,18,3,7,,24,24,5,,28,,
"Sweet, Jordon",WB,6,21,9,26,47,1,,136,25,5,7,11,12,8,8,,22,26,,,16,,2
"Darcy, Sam",WB,4,35,24,11,46,3,3,3,3,3,5,,8,4,1,,22,25,7,6,5,,
"Morris, Josh",HW,6,26,8,20,46,,,,4,4,11,1,11,4,3,,16,33,2,,12,,1
"Bell, James",SY,6,33,15,12,45,4,3,,9,2,8,,9,3,,,19,28,2,,4,,2
"Kemp, Brodie",CA,4,28,18,16,44,,,,2,5,2,,6,2,4,,10,34,4,,16,1,
"Amartey, Joel",SY,6,29,12,14,43,5,3,18,14,,11,7,13,2,6,,25,17,6,5,9,,2
"Martin, Stefan",WB,4,10,6,33,43,,,68,8,1,5,12,11,6,7,,24,21,1,,3,,
"Highmore, Tom",SK,3,26,17,17,43,,,,3,6,1,2,4,1,1,,12,30,3,,8,,
"Sproule, Zach",GW,6,30,18,12,42,2,3,9,18,,9,4,15,2,8,,14,27,2,2,2,1,3
"Andrew, Mac",GC,4,27,18,15,42,,,,8,8,6,1,9,3,2,,18,27,5,2,8,,1
"Hamilton, Cooper",GW,4,24,8,17,41,,,,11,7,1,2,7,4,3,,12,29,,,7,,
"McInnes, Reef",CW,6,20,11,19,39,3,4,,9,,9,,8,3,2,,11,27,,3,2,,3
"Fullarton, Tom",BL,5,23,12,15,38,2,,8,4,5,6,3,6,3,2,,22,18,3,3,10,,4
"Evans, Francis",GE,5,14,8,24,38,1,,,7,1,4,2,11,3,,,15,27,,,4,,1
"Wilmot, Darcy",BL,3,23,6,15,38,1,,,10,5,5,5,5,4,1,,20,18,,,4,1,
"Aleer, Leek",GW,4,25,19,13,38,,,,9,5,2,,5,6,1,,16,22,4,,18,,
"Honey, Josh",CA,5,12,8,25,37,1,2,,5,,3,1,3,,1,,16,20,1,4,4,,3
"Briggs, Kieren",GW,4,26,9,11,37,1,3,49,7,4,6,15,11,7,7,,29,7,3,2,12,,1
"Phillips, Tom",HW,4,20,11,17,37,,,,13,6,1,1,7,2,2,,11,28,,,1,,3
"Marchbank, Caleb",CA,4,25,14,12,37,,,,7,12,3,,6,4,3,,8,29,,,17,,
"ORiordan, Colin",SY,5,21,9,15,36,,,,1,2,1,1,6,4,2,,18,18,1,,8,,
"Bryan, Nick",ES,5,24,9,11,35,1,1,51,13,4,8,6,11,5,3,,16,20,2,2,8,,2
"Ceglar, Jonathon",GE,3,16,2,19,35,,,47,2,5,4,15,10,,3,,26,10,,,10,,
"Wilson, Nathan",FR,2,24,10,11,35,,,,1,7,3,,6,,2,,7,26,,,8,,
"Edwards, Luke",WC,3,19,11,15,34,1,,,5,2,2,4,5,,3,,9,27,,1,2,,
"Dow, Paddy",CA,4,12,5,22,34,,1,,6,1,4,8,8,1,3,,16,20,,,1,,
"Jeka, Emerson",HW,3,21,13,13,34,,,,3,5,1,,10,1,1,,12,22,5,,10,,
"Ruscoe, Trey",CW,4,24,10,9,33,,1,,5,4,5,1,2,1,,,14,17,1,1,8,,1
"Archer, Jackson",NM,3,12,6,21,33,,,,10,10,2,4,7,4,2,,17,17,,,5,,
"Wallis, Mitch",WB,5,20,11,11,31,4,4,,6,,8,,5,3,1,,13,18,1,5,4,,
"Treacy, Josh",FR,4,19,10,12,31,1,2,3,9,,9,,13,5,4,,17,15,2,2,11,,2
"Tunstill, James",BL,3,24,8,7,31,1,,,3,3,5,3,5,,1,,7,26,1,1,2,,
"Cunnington, Ben",NM,2,12,7,19,31,,,,4,,2,5,5,,2,,11,20,,,2,,
"Bruce, Josh",WB,5,18,13,12,30,1,2,10,10,3,5,3,9,1,6,,14,18,3,3,12,,
"Begg, Aiden",CW,3,9,8,21,30,,,9,7,1,6,4,6,4,1,,15,15,1,1,2,,1
"Frederick, Martin",PA,6,17,9,12,29,1,1,,11,2,2,,5,3,1,,7,22,,1,3,,
"Cleary, Luke",WB,4,17,13,12,29,,,,3,3,2,,2,,,,9,23,1,,4,,
"Francis, Aaron",ES,4,15,16,13,28,4,3,,6,,8,,10,1,3,,9,22,2,7,11,,2
"Amiss, Jye",FR,3,21,13,7,28,4,1,,2,,7,,3,3,,,17,11,6,6,1,,3
"Spicer, Phoenix",NM,5,17,5,11,28,1,3,,9,1,4,1,6,2,,,13,16,,2,3,,3
"Polec, Jared",NM,2,22,10,6,28,1,1,,3,3,1,3,7,2,1,,5,23,,,1,2,
"Hayes, Will",CA,2,15,7,13,28,,,,1,1,3,2,6,,1,,10,19,,2,1,,1
"Paul Oea, Hewago",GC,5,17,6,10,27,2,,,14,3,5,1,7,3,2,,6,20,,,2,1,2
"Day, Sam",GC,4,19,10,7,26,6,1,8,5,,8,2,7,3,2,,16,10,3,5,9,,3
"Ratugolea, Esava",GE,4,17,9,9,26,,,13,8,3,3,2,6,2,3,,12,13,2,1,11,,
"Clarke, Judson",RI,3,16,9,9,25,3,1,,4,1,5,,6,2,1,,11,14,,3,4,3,
"Sharp, Harry",BL,5,20,4,5,25,,,,6,6,3,2,10,1,4,,7,20,,,2,1,
"Lester, Ryan",BL,3,16,4,9,25,,,,6,4,2,1,3,4,,,11,12,,,15,,
"Collier-Dawkins, Riley",RI,2,7,4,18,25,,,,6,1,2,5,6,1,3,,11,15,,,3,,1
"Mansell, Rhyan",RI,2,19,12,6,25,,,,2,8,,,7,2,3,,6,19,,,5,1,
"Corbett, Josh",GC,4,12,12,12,24,4,1,,2,,6,,7,,2,,8,16,2,5,2,,
"Brown, Mitch",ME,3,16,11,8,24,2,,2,7,,6,,4,1,1,,4,20,2,4,7,,1
"Callow, Jackson",HW,3,9,8,15,24,,2,11,5,2,4,,6,1,2,,14,10,4,2,3,,
"Fogarty, Lachie",CA,3,10,5,14,24,,1,,5,,5,,3,,,,8,16,1,,4,,3
"McDonald, Oscar",CA,2,18,10,6,24,,,,,4,,,4,3,,,10,14,1,,9,,
"Sexton, Alex",GC,4,19,8,4,23,7,4,,1,,5,2,3,2,2,1,10,15,1,4,1,1,
"Baldwin, Kaine",ES,4,17,9,6,23,2,3,5,9,,6,2,5,5,4,,11,14,2,4,6,,
"Wilson, Tom",CW,3,15,5,8,23,2,,,2,,8,,6,1,,,7,16,,,2,,
"Strachan, Kieran",AD,2,15,6,8,23,,2,40,6,2,2,3,7,3,5,,13,10,2,1,6,,
"Campbell, Tom",SK,2,14,7,9,23,,1,27,5,,7,8,5,7,1,,19,5,4,1,10,,
"Kreuger, Nathan",CW,5,15,10,7,22,4,3,5,7,1,6,3,5,3,1,,10,13,1,4,9,1,1
"Knevitt, Mitch",GE,2,10,8,12,22,,2,,3,,4,2,2,1,1,,5,18,1,,1,,
"Strnadica, Luke",WC,2,12,3,9,21,1,1,19,5,1,4,4,4,3,1,,8,14,1,,4,,1
"McLean, Toby",WB,2,12,2,9,21,,2,,9,,3,4,1,2,,,11,11,1,,1,,
"Goater, Josh",NM,1,12,5,9,21,,1,,3,3,,,2,1,,,6,15,,,2,1,
"Trew, Zane",WC,2,9,1,11,20,1,1,,3,1,1,5,2,2,,,9,11,,,1,,
"Bedendo, Dominic",WB,2,13,3,7,20,1,,,6,,3,,9,,3,,7,14,,1,1,,
"Mountford, Declan",WC,2,10,1,10,20,1,,,3,1,5,6,4,1,1,,12,7,,,1,,
"Sheed, Dom",WC,1,11,2,9,20,,,,4,3,4,2,5,3,2,,6,14,,,1,,
"Menzie, Jye",ES,2,10,7,9,19,1,,,3,,4,1,1,,1,,7,11,,1,1,,1
"Dempsey, Oliver",GE,2,5,,14,19,1,1,,2,,2,1,3,4,1,,10,8,,,,1,1
"Florenca, Jake",WC,1,9,3,10,19,,,,7,4,,4,4,2,1,,13,7,,,1,,
"Berry, Tom",BL,3,7,4,11,18,1,2,,7,1,4,2,8,,2,,8,12,,1,2,,1
"Joyce, Darragh",SK,3,11,4,7,18,,,,2,4,,1,5,1,2,,8,11,,,16,,
"Skinner, Sam",PA,2,8,5,10,18,,,,3,2,2,,2,1,2,,8,11,2,,9,,
"Teakle, Brynn",PA,2,7,2,10,17,,,28,10,1,,4,6,2,2,,8,8,2,,3,,
"Thompson, Rory",GC,3,11,9,5,16,,,,5,1,1,,6,,3,,7,10,1,,21,,
"Parks, Luke",CA,2,8,5,8,16,,,,1,4,,,3,,1,,8,9,,,12,,
"Black, Aaron",WC,1,11,4,4,15,1,,,2,,3,4,,,,,5,9,,,,,
"Macrae, Finlay",CW,2,6,1,9,15,,,,2,1,2,,6,1,1,,7,9,,,4,,
"Madden, James",BL,2,10,7,4,14,,,,3,2,2,1,2,,1,,9,6,3,1,2,1,
"Mayes, Sam",PA,3,9,5,4,13,2,4,,3,,2,,4,1,3,,7,6,1,2,4,,2
"Wanganeen, Tex",ES,5,7,3,6,13,1,3,,10,,1,,4,,1,,2,11,,1,3,,
"Serong, Jai",HW,3,7,5,6,13,1,,,5,,3,,6,1,2,,6,9,1,2,1,,1
"Hartigan, Kyle",HW,3,8,5,5,13,,,,2,,2,,8,1,3,,9,3,3,,15,,
"Neale, Shannon",GE,2,4,3,9,13,,,14,4,,3,2,3,1,2,,9,4,2,,4,,
"Lohmann, Kai",BL,2,6,1,7,13,,1,,8,3,4,2,5,3,3,,11,4,,,3,1,1
"Poulter, Caleb",CW,1,10,2,3,13,,,,4,3,3,3,3,,3,,5,8,,,3,,
"Butler, Louis",WB,1,9,1,4,13,,,,1,,2,,2,,,,5,8,,,2,,
"Ford, Eddie",NM,3,5,7,7,12,1,,,2,,2,,3,,1,,4,7,2,,1,,
"Davis, Ben",AD,5,8,4,3,11,,,,,1,3,,,,,,3,7,1,,1,,2
"Burgess, Chris",GC,2,5,7,6,11,,1,,2,1,2,,2,,,,8,3,5,1,9,,1
"Long, Ned",HW,1,10,7,1,11,,,,1,3,1,1,2,1,1,,3,9,1,,1,,
"Sinn, Josh",PA,1,5,3,6,11,,,,,1,2,,2,,,,2,9,,,,,
"McPherson, Andrew",AD,1,6,3,4,10,,,,1,1,2,,5,1,,,4,6,,,1,,
"Hamling, Joel",FR,1,6,4,4,10,,,,,1,1,,2,1,2,,1,10,,,7,2,
"Giro, Stefan",WC,1,5,4,4,9,,,,,,3,,2,2,,,3,7,,,,,
"Durdin, Sam",CA,1,4,2,5,9,,,,2,5,,1,3,,1,,7,2,,,9,,
"Kent, Dean",SK,2,5,3,3,8,1,,,5,,4,,3,,2,,2,7,,,2,,2
"Michael, Carter",BL,1,7,3,1,8,1,,,2,2,,,,1,,,2,5,,,2,,
"Sheldrick, Angus",SY,2,4,1,4,8,,,,1,,1,,,1,,,4,3,,1,,,1
"Saunders, Jack",HW,1,3,1,4,7,1,,,1,,1,,1,1,,,2,5,,,,,1
"Chandler, Kade",ME,4,4,3,3,7,,1,,,,,,1,,1,,2,4,,,,,
"Stone, Conor",GW,1,5,2,2,7,,2,,2,,,,2,1,,,2,4,,1,1,,
"Dewar, Angus",WC,1,7,2,,7,,,,3,3,,,1,,,,2,5,,,6,,
"Hurley, Michael",ES,1,5,2,1,6,1,,,,,2,,,2,,,2,5,,2,1,,
"Nyuon, Bigoa",RI,1,2,,4,6,,,,2,1,,,2,1,,,3,3,,,10,,
"Comben, Charlie",NM,1,4,3,2,6,,2,5,3,,,1,2,2,2,,2,4,,2,,,
"Ainsworth, Brayden",WC,1,3,1,3,6,,1,,2,,,,1,1,,,1,5,,,1,,
"Roughead, Jordan",CW,1,4,3,2,6,,,,,2,,,2,,,,2,4,,,2,,
"Pedlar, Luke",AD,3,2,,3,5,1,1,,2,,,,,,,,4,2,,,,,
"Chugg, Isaac",CW,2,2,1,3,5,,,,2,,1,,1,,1,,4,1,,,,,
"Stack, Sydney",RI,2,3,3,2,5,,1,,2,,2,,1,,1,,2,4,,1,3,,1
"Tsitas, James",GC,1,3,3,2,5,,,,1,,,,1,,1,,1,4,,1,,,1
"Turner, Daniel",ME,1,3,2,2,5,,,,2,,1,1,1,,,,2,3,,,2,,
"Constable, Charlie",GC,2,4,2,,4,,,,,1,1,,1,,,,,3,,,,,
"Angwin, Ryan",GW,1,1,1,2,3,,,,1,,,,1,,1,,2,1,,,,,
"Roberts, Matt",SY,1,1,,1,2,,,,1,1,,,1,,1,,1,1,,,1,,
"Williams, Jack",WC,1,1,,1,2,,,1,1,,1,1,5,,3,,1,1,,,,,
"Bergman, Miller",NM,1,1,,,1,,,,,,,1,1,,,,1,,,,1,,
"Crowden, Mitch",FR,2,,,,,,,,,,,,,,,,,,,,,,
"Lord, Alastair",ES,1,,,,,,,,,,,,,,,,,,,,,,
"Williamson, Tom",CA,1,,,,,,,,,,,,,,,,,,,,,,
"Fantasia, Orazio",PA,1,,,,,,,,,,,,,,,,,,,,,,
"Taylor, Lewis",SY,1,,,,,,,,,,,,,,,,,,,,,,
